"ID","MultiBureau_Status","Address_Type","Pincode"
"566840116123","COMPLETE","RESIDENCE",411041
"56684011630","COMPLETE","RESIDENCE",411041
"56684011631","COMPLETE","RESIDENCE",411041
"566840116318","COMPLETE","RESIDENCE",411041
"566840116319","COMPLETE","RESIDENCE",411041
"56684011632","COMPLETE","RESIDENCE",411041
"566840116321","COMPLETE","RESIDENCE",411041
"566840116322","COMPLETE","RESIDENCE",411041
"56684011633","COMPLETE","RESIDENCE",411041
"566840116335","COMPLETE","RESIDENCE",411041
"566840116336","COMPLETE","RESIDENCE",411041
"566840116339","COMPLETE","RESIDENCE",411041
"56684011634","COMPLETE","RESIDENCE",411041
"566840116340","COMPLETE","RESIDENCE",411041
"566840116341","COMPLETE","RESIDENCE",411041
"566840116342","COMPLETE","RESIDENCE",411041
"566840116344","COMPLETE","RESIDENCE",411041
"566840116345","COMPLETE","RESIDENCE",411041
"566840116346","COMPLETE","RESIDENCE",411041
"566840116347","COMPLETE","RESIDENCE",411041
"56684011639","COMPLETE","RESIDENCE",411041
"566840116911","COMPLETE","RESIDENCE",411041
"566840116922","COMPLETE","RESIDENCE",411041
"566840116929","COMPLETE","RESIDENCE",411041
"566840116930","COMPLETE","RESIDENCE",411041
"566840116931","COMPLETE","RESIDENCE",411041
"566840116939","COMPLETE","RESIDENCE",411041
"566840116940","COMPLETE","RESIDENCE",411041
"566840116950","COMPLETE","RESIDENCE",411041
"566840116951","COMPLETE","RESIDENCE",411041
"566840116952","COMPLETE","RESIDENCE",411041
"566840116953","COMPLETE","RESIDENCE",411041
"566840116954","COMPLETE","RESIDENCE",411041
"566840116955","COMPLETE","RESIDENCE",411041
"566840116956","COMPLETE","RESIDENCE",411041
"566840116957","COMPLETE","RESIDENCE",411041
"566840116958","COMPLETE","RESIDENCE",411041
"566840116959","COMPLETE","RESIDENCE",411041
"566840116960","COMPLETE","RESIDENCE",411041
"566840116961","COMPLETE","RESIDENCE",411041